228,AvProcessingService
129,AvReceiverService
341,ClientExchangeController
91,SrtConverter
209,SubtitleExporterService
97,WebVttConverter
35,AdditionalVocab
32,ConfigurationData
57,SpeechBubble
49,WordToken
113,ConfigurationController
83,ConfigurationService
58,FrontendCommunicationHub
153,FrontendCommunicationService
70,SpeechBubbleController
95,BufferTimeMonitor
90,SpeechBubbleListService
152,WordProcessingService
338,SpeechmaticsConnectionService
318,SpeechmaticsReceiveService
93,SpeechmaticsSendService
